accession,file_name,official_url,local_path,bytes,sha256,status,purpose,role,download_time,source_study,release,compression,data_type,patient_key_source,access_status,redistribution_note
GSE314812,GSE314812_rsem.merged.gene_counts.tsv.gz,https://ftp.ncbi.nlm.nih.gov/geo/series/GSE314nnn/GSE314812/suppl/GSE314812_rsem.merged.gene_counts.tsv.gz,01_data_raw/GSE314812/geo/GSE314812_rsem.merged.gene_counts.tsv.gz,3702279,4458e2b63d032f269b059330796675d8a89c491fc3ce890dec56593004c51a7d,present_verified,primary within-patient solid PM vs primary estimand,primary_test,2026-09-25T19:41:51-0700,Charton 2026 Commun Biol (PMID 41882239),,gz,"bulk RNA-seq, RSEM expected counts (gene-level), 55 specimens",GEO title patient label + Supplementary Data 1,public,public GEO/journal file; cite source; not bundled in delivery
GSE237876,GSE237876_RAW.tar,https://ftp.ncbi.nlm.nih.gov/geo/series/GSE237nnn/GSE237876/suppl/GSE237876_RAW.tar,01_data_raw/GSE237876/GSE237876_RAW.tar,179343360,44b2e5bf1d92112e575cd9e7499c214a6e3215c46eda4164b6782eb5f3173a1f,present_verified,independent-source within-patient solid PM vs primary check (5 patients),external_bulk,2026-09-25T19:41:51-0700,Kim 2024 Cancer Commun (PMID 38498378),,tar,"bulk total RNA-seq, Salmon quant.sf per specimen (transcript-level), 66 specimens",GEO title pat number + Kim 2024 Table S2,public,public GEO/journal file; cite source; not bundled in delivery
Ensembl_GRCh37_r75,Homo_sapiens.GRCh37.75.gtf.gz,https://ftp.ensembl.org/pub/release-75/gtf/homo_sapiens/Homo_sapiens.GRCh37.75.gtf.gz,01_data_raw/other_sources/annotation/Homo_sapiens.GRCh37.75.gtf.gz,39344043,770f48d9aecd9bdecdf147fd141c23670b215bccbdbfa459048f45b02581c2ed,downloaded,gene symbols/biotypes/lengths for GSE314812; tx2gene for GSE237876,annotation,2026-09-25T19:41:52-0700,Ensembl release 75 (GRCh37; annotation underlying nf-core/iGenomes GRCh37),,gz,gene/transcript annotation,not applicable,public,public GEO/journal file; cite source; not bundled in delivery
HGNC_complete_set,hgnc_complete_set_20260925.txt,https://storage.googleapis.com/public-download-files/hgnc/tsv/tsv/hgnc_complete_set.txt,01_data_raw/other_sources/annotation/hgnc_complete_set_20260925.txt,16947244,3e5da5b757afce6cae333d3e6c97a59ff3aadfb13da1c70f89d9a8f252b9e7ec,downloaded,map program gene symbols across platforms without guessing aliases,annotation,2026-09-25T19:41:56-0700,HGNC (downloaded 2026-09-25),,none,"approved symbols, previous symbols, aliases, Ensembl IDs",not applicable,public,public GEO/journal file; cite source; not bundled in delivery
HPA_single_cell_type,hpa_rna_single_cell_type.tsv.zip,https://www.proteinatlas.org/download/tsv/rna_single_cell_type.tsv.zip,01_data_raw/other_sources/annotation/hpa_rna_single_cell_type.tsv.zip,16346850,2ddd3d90fb050a8efea508792ba7741c510fb5aa3d89f352aab99794ec2c9d64,downloaded,cohort-independent lineage specificity of program genes (host-tissue admixture risk),calibration_reference,2026-09-25T19:42:02-0700,Human Protein Atlas single cell type data (version recorded from download date),,zip,"normalized expression by cell type (incl. mesothelial cells, adipocytes, fibroblasts)",not applicable,public,public GEO/journal file; cite source; not bundled in delivery
GSE183904,GSE183904_RAW.tar,https://ftp.ncbi.nlm.nih.gov/geo/series/GSE183nnn/GSE183904/suppl/GSE183904_RAW.tar,01_data_raw/other_sources/GSE183904/GSE183904_RAW.tar,345210880,ba089d1dc186826e84d2199d1eb6942c35eb8fb70e7a5d2b20650b72982b90b3,downloaded,cell-identity and measurement calibration (gastric primary/normal donors only); descriptive held-out PM donors,calibration,2026-09-25T19:42:39-0700,Kumar 2022 Cancer Discov (PMID 34642171),,tar,scRNA-seq raw UMI counts (40 per-sample CSV),GEO Series_summary mapping table,public,public GEO/journal file; cite source; not bundled in delivery
GSE163558,GSE163558_RAW.tar,https://ftp.ncbi.nlm.nih.gov/geo/series/GSE163nnn/GSE163558/suppl/GSE163558_RAW.tar,01_data_raw/other_sources/GSE163558/GSE163558_RAW.tar,381030400,7d79bcb6b3c00caf711c4d479adb2d9067ad3aff6f1a3c22b6974745562472b0,downloaded,calibration across 10x chemistry; other-site descriptive context,calibration,2026-09-25T19:43:17-0700,Jiang 2022 Clin Transl Med (PMID 35184420),,tar,scRNA-seq Cell Ranger filtered UMI counts (10 samples),Jiang 2022 Table S1 (curated),public,public GEO/journal file; cite source; not bundled in delivery
GSE308231,GSE308231_RAW.tar,https://ftp.ncbi.nlm.nih.gov/geo/series/GSE308nnn/GSE308231/suppl/GSE308231_RAW.tar,01_data_raw/other_sources/GSE308231/GSE308231_RAW.tar,664698880,d1f05a7dd0a782f307386249c06f586128c296897b44e2e020855d014802c98c,downloaded,descriptive cell-level support that the frozen program is carried by malignant cells in solid PM libraries,cell_level_support,2026-09-25T19:44:23-0700,Wang Q 2025 npj Digit Med (PMID 41360923),,tar,"scRNA-seq filtered UMI counts (3 primary + 3 solid PM libraries, donors unknown)",none (donor identity unknown),public,public GEO/journal file; cite source; not bundled in delivery
GSE239676,GSE239676_count_matrix.mtx.gz,https://ftp.ncbi.nlm.nih.gov/geo/series/GSE239nnn/GSE239676/suppl/GSE239676_count_matrix.mtx.gz,01_data_raw/other_sources/GSE239676/GSE239676_count_matrix.mtx.gz,984791532,6d9e51a6d2759d118d2aa86d6416c0561a1dc5713021e462132171ba3f5525e2,downloaded,"fluid-context estimand (primary vs malignant ascites malignant cells, 9 treatment-naive patients); not solid PM",context,2026-09-25T19:46:22-0700,Cheng 2024 Gastroenterology (PMID 39097198),,gz,"scRNA-seq UMI counts, 8,630 genes x 222,240 cells",GEO title + meta.tsv Patient,public,public GEO/journal file; cite source; not bundled in delivery
GSE251950,GSE251950_RAW.tar,https://ftp.ncbi.nlm.nih.gov/geo/series/GSE251nnn/GSE251950/suppl/GSE251950_RAW.tar,../project/01_data_raw/GSE251950/GSE251950_RAW.tar,668221440,2ebb4c2b8c2e403d7e664a5e4f06c9f4c672f10f61ad872960f9427f7f2fed55,reused_readonly,optional single-case spatial localisation (module gated by protocol),spatial_case,,Lee 2024 (PMID 39580151),,tar,Visium spatial (10 sections; one primary-PM case),GEO sample titles,public,public GEO/journal file; cite source; not bundled in delivery
