path,bytes,sha256
.Rprofile,26,3f9d62fc3f1bf5888a09816101b705f9844ef4cd44ee5ad157f4168dac4af4d4
.gitignore,296,62146716fe4430c813a51aacaaca3e76b5f1ed5766e50d2c28952c5e0dadea51
00_admin/data_manifest.csv,6149,bf9ab662df3b895680721f7fdfcd210d3b9448f6e422cf25f0a217a8e909ce03
00_admin/deviations.md,6330,a78ab231c4257ee7d0e80ff2c8e47e9435bd3b2d182c8ff5f234ae415e4b1104
00_admin/protocol_lock.json,9350,0ac1bc69338942a06f9a1067bced8cf0bc818b53d5800bd1d37f8fee55826c7a
00_admin/protocol_v1.md,8500,1239df099093287911df4af74dfda0f00dd1079f0c5cc1d6a882cdf356326025
03_scripts/00_preflight.R,3271,909dcdc02005b8206244390225486128f90e935fc252f4d4be26fc88a083b4c3
03_scripts/01_literature_and_metadata.R,2418,06e3142088008e42ccc214eecf2429b0e8c102cf0d2a998dcf238e1f7a6c2831
03_scripts/02_audit_samples.R,35842,01968debad871766aca55465d7df95b46fc0066ef3d45c912db787487f240bcb
03_scripts/03_download_inputs.R,3842,e92dd0899a490eb1b26ca128ab9ce1f1a97489e1454617875a7d7f6dc2c8c1a9
03_scripts/04_prepare_bulk.R,6647,14808abebfcfdd41ca8e8b5722c07826545aac5424133cfba382a29420e96072
03_scripts/05_prepare_singlecell.R,11358,fc983a972e9e793353f48d7fa61607fb7fb1492eec21ca840ed0773a99f461ae
03_scripts/06_define_and_freeze_programs.R,20748,f8734793587e706ffa1f4ed76e9d640f1ccf5c55f4a641cdb3582b1bc6723cd4
03_scripts/07_primary_paired_analysis.R,8044,63eb3610ea066249c1682de05eac11c9b83504d057172dad89ef11a922319b75
03_scripts/08_independent_validation.R,6219,cf45e144fe7742e7e1dfea9484b0cc7e9c437b0624d022318276e686a130f0b3
03_scripts/09_composition_and_coupling.R,6495,8b8d4496fd43ef21f87c3809e6926ae149c0b7e756f721cb4e0e1da11796c7c5
03_scripts/09b_measurement_model.R,7792,f23d190d39dbceea97ce6511593fc3f10e66f39fcdce1766c819baf381f765db
03_scripts/10_optional_spatial_clinical.R,1986,4a42b6c3505cf0a9f25fd52d6b2e91b5ff57e0a630f558fd2bbe7d1879e80b2e
03_scripts/11_sensitivity_and_synthesis.R,15399,fd41acb52fce5f66de5f73270d2e993691e155732f43b02bfee9a03f5197640c
03_scripts/12_generate_figures_tables.R,21470,152c48aeb4971f70f1fcefb9f60e2a1b7609a654241b4d8c0729a06486225eca
03_scripts/13_build_manuscript.R,18731,9fc14d44f039fbf830d793a9850c42369d906c9a06bea59dc16e3d70fe85a6cd
03_scripts/13a_references.R,8322,cccb35ed9bffbd443445628c4d4f06af73dbd3a63d07f9a54be697f4344ec9c4
03_scripts/14_verify_delivery.R,11829,15420dd1837d2a36cf45d5d1fdbe919f4d9d36fb65d670a585f03270a206c978
03_scripts/15_rebuild_compare.R,5213,4107da3d6eda435d5104e60dd6b6db63a61ae4ce15f13e6df76425166117138e
03_scripts/16_package_delivery.R,5401,78cad589520c833e178ce48795cd258585177fc2af7406afc473595ae36d0899
03_scripts/17_posthoc_robustness.R,12434,29c18d979e70aba5b40bb0351da05b0af05f14bfe8bd996a54fb09bccaf26525
03_scripts/18_generate_fig_submission_assets.R,9508,2a4dde8e8e464675d0ba529d00cc39a14c481b831dabc527bafda77abf1e3404
03_scripts/19_build_fig_submission.py,11114,100bdc7359433682676184d16d1b5b2f675adbb6c3767c1dfa7c3b71512582c4
03_scripts/20_finalize_fig_submission_package.py,1123,314465c0d19fadade1b5fbe0e6e9a68e79728316c7d28ce05a80a415f18667f9
03_scripts/R/geo_utils.R,4975,2adb3fcb8784ab0f6e4e1797dbdf130a85dc08f1d09e4df6d8413e52765719e2
03_scripts/R/header.R,502,f93282f5ee83bb88b22d0c1242c5ef3ac21b2ea70a399d37a3b2c4dc045f32f7
03_scripts/R/install_deps.R,1685,531a742757c0ac0a533da1d3b2cb7e3732ec1b163f9fc0f7bcc3160e345e3be3
03_scripts/R/ref_utils.R,4004,326932dedf366f5241aede7a6a2f37e1308077a40d747af9b232b58cc0b7440e
03_scripts/R/sc_utils.R,9096,6b2aaca5073329159cb8f37de1f7d2c5a095f1a563c9122c8cef8c5b8f90b4f9
03_scripts/R/score_utils.R,4494,2c616e8cf42ad51d3af2d6bb39a6af9c85897d620052c35b6f601ac903c0424f
03_scripts/R/utils.R,9116,b16e27ff63b2a9896cb14b944eaf18593276fa35b94e8738efefb5ea8f43f8d0
03_scripts/curation/GSE163558_patient_map.csv,1561,396d9c1907beb4308f4f5dce5ce068f73ecf4785848057b266e3899fcac5bb24
03_scripts/curation/GSE314812_visit_rules.csv,606,ab37a0eb4eed018eccd6bb0d928d551bdae1d9ef512acf3fcdc535258c0d1879
CITATION.cff,750,7fe3393ff4408511f775973d2dbe987707ab1de1d222c35a417c6412e5f3708f
LICENSE,1108,d40999d6181581148dbb727093a8f3d38903224ded8eb5732c31e69372d3f31f
README.md,3641,909d1b31e93100d882da2a351f4f53981c9a122c2d46bc9e8c2fce6ef0726f6b
REPRODUCIBILITY.md,1270,6b251fca54e875977fd6b236bbcc8486dfb8d479ec9cd8b9467edc2d65430345
config.yml,6225,159cc16b2ca1d69669c5bc31612360e2ce5ed35a8749866c8c06af59d7be1010
renv.lock,622304,f22d212694d3be7bbb49f09f6464b88df75ed511d38a76ffc85bbce011bccddd
renv/.gitignore,56,2c31e978189a98022566bd6084936f5608222b2bb9230b8d189b5a1c97a2c2da
renv/activate.R,39946,bcfe1e7dac9c9e93228836b7459d8bd207c08c6f883a91ce757eba1a3521d6e5
renv/settings.json,500,ad8b840448b3ad3229bc4914b67cc07a041c28df09fcb3755219af38cc89ed7b
run_all.R,3187,8cc8feac1e4d54c44b0b4faed2557c32cfd145e4866d6ac439c9571a1a59e145
